Nom;Adresse;Contact Etablissement - Code postal;Commune;Téléphone 1;Téléphone 2;Fax;Site web;Email;Description
Arsonic;138 Rue de Nimy;7000;Mons;3265395939;;;http://www.mons2015.eu;;À l’angle des rues de Nimy et des Trois Boudins s’érige un espace unique en Wallonie, un lieu de rêves et de créations entièrement dédié au son, que l’on surnomme mystérieusement « la Maison de l’Écoute ». Les architectes Holoffe & Vermeersch, en étroite collaboration avec le chercheur en acoustique Eckhard Kahle, y développent une idée originale de Jean-Paul Dessy, violoncelliste, compositeur, chef et directeur artistique de Musiques Nouvelles, ensemble du manège.mons. ARSONIC nous propose une halte dans la frénésie du quotidien : un havre de paix où reprendre souffle. Aux sirènes de cette ancienne caserne de pompiers ainsi métamorphosée, succèdent les muses enchanteresses des musiciens et des poètes.    Un auditorium de 280 places à jauge variable animera ce port d’attache de l’imagination.       Les concerts et spectacles accueillis à ARSONIC devront composer avec sa configuration très spéciale : petit et grand gradins, balcon discret et écrans de jauge amovibles conçus pour des projections, encadrent la scène et invitent à la créativité. Le public y accèdera directement le soir mais pourra dans la journée promener librement ses oreilles dans le Passage des Rumeurs habité d’expositions et d’installations sonores, ou se recueillir parmi les musiques et les sons choisis de la Chapelle du Silence.    Les enfants, encadrés de professionnels, expérimenteront la Salle d’émerveillement sonore lors d’ateliers-découvertes       Une salle de répétition, une régie technique pour les enregistrements, des loges et des bureaux permanents… et vous aurez saisi l’esprit du bâtiment dans lequel s’installera bientôt les équipes du manège.mons. Les musiques, les mots et les images, toutes époques et tous genres confondus, y seront accueillis comme autant d’invitations à l’écoute de soi et de l’autre.       Bienvenue à ARSONIC !
Grand-Place;Grand Place;7000;Mons;3265335580;;;http://www.visitmons.be;info.tourisme@ville.mons.be;La Grand-Place est le véritable coeur de la ville historique. Chaque année, elle est le théâtre du Combat dit Lumeçon, combat légendaire de Saint-Georges contre le dragon. Elle constitue un panorama exceptionnel d’architecture des XVe s. à nos jours.       Bon à savoir    La façade de l’immeuble dit « au Blan Levrie » est exemplative du soin avec lequel la ville a pu marier l’ancien et le nouveau. Elle abrite aujourd’hui une agence bancaire mais c’est surtout le vestige de l’ancien mur d’enceinte qui, une fois à l’intérieur, retiendra votre attention.
Musée du Doudou;Jardin du Mayeur;7000;Mons;3265405318;;;http://www.museedudoudou.mons.be;polemuseal@ville.mons.be;L’actualité n’est pas à la fête, c’est un fait. Nous voilà contraints de fermer les portes de nos musées et expositions, parfois même avant qu’elles n’aient eu le temps d’ouvrir.    Mais la sécurité de tous reste bien entendu notre priorité. Nous gardons donc portes closes pour quelques temps. Vous pourrez compter sur notre équipe pour ponctuer vos journées de couleur, d'anecdotes, d'activités créatives... et continuer à vous offrir de belles expériences culturelles.   Toutes nos pensées vont bien entendu au personnel médical, ainsi qu’à toutes les personnes impactées de près ou de loin par cette crise sanitaire.    Pour toutes les demandes de remboursement, nous vous invitons à contacter visitMons via info.tourisme@ville.mons.be    Prenez soin de vous, et des autres.   A très bientôt !   Toute l'équipe Culture et Tourisme de la Ville de Mons     Un musée dédié à la Ducasse rituelle, à Saint-Georges et au dragon au coeur de la cité historique montoise. Découvrez la Ducasse rituelle de Mons toute l'année! Par le biais d'objets issus des collections des musées de la Ville de Mons et de dispositifs technologiques, l'espace vous invite à la découverte de la Ducasse de Mons, reconnue par l'UNESCO en 2005. Une découverte entre réalité et imaginaire! L'espace met en valeur ce patrimoine exceptionnel à travers différents regards: historique, anthropologique, scientifique, artistique, laïc ou religieux. De l'originalité de la Ducasse de Mons à la légende de saint Georges, le musée s'attache à comprendre et à valoriser les différents aspects de cette histoire universelle et multiséculaire. Un parcours permet aux visiteurs de comprendre et d'interpréter ce patrimoine immatériel exceptionnel. Les différents espaces d'exposition sont structurés autour d'un fil conducteur principal: Saint Georges et le Dragon, entre imaginaire et réalité. Des activités pédagogiques, des actions d'éducation permanentes, des publications mais aussi des expositions hors-les-murs y sont développées. Vous voulez vivre et revivre la légendaire Ducasse de Mons quand bon vous semble, alors n'hésitez plus un instant! Poussez donc les portes du Musée du Doudou! Adaptation pour le public non-voyant Les personnes mal voyantes désireuses de profiter d’un moment culturel adapté à leur handicap pourront visiter le musée. Grâce à une collaboration étroite avec Les Amis des Aveugles, des adaptations spécifiques ainsi que des guides muséaux seront réalisés en braille. Pour votre confort de visite, le dernier visiteur pourra accéder au Musée du Doudou à 17h15. La visite dure en moyenne 1h.     Prochaines dates du Doudou : 30 mai 2021 / 12 juin 2022 / 04 juin 2023.  Mons Card Partner: Accès gratuit.
Thanks Galerie;5 Rue des Telliers;7000;Mons;;;;http://thanksgalerie.be;info@thanksgallerie.be;Un lieu  Une galerie d’art contemporain dans un lieu original: la chapelle des Telliers, au coeur de Mons. Un espace dédié à l’art, où se croisent un coin détente avec un bar, des dégustations de vins, des rencontres avec les artistes et des évènements culturels. Une plateforme web  THANKSgalerie est la plateforme de crowdfunding belge dédiée à l’art. Les artistes déposent des projets sur la plateforme, les visiteurs soutiennent les projets en faisant des dons, et chaque donateur reçoit une contrepartie. Vous pourrez donc soutenir les artistes que vous aimez, c’est le mécenat contemporain !  Et aussi toute une série de services  Encadrement, restauration et conditionnement d’oeuvres, édition d’art, impression lithographique, vente de cimaises, organisation d’expositions,…
Silex's;300 Rue du Point du Jour;7032;Spiennes;3265335580;;;http://www.silexs.mons.be;polemuseal@ville.mons.be;L’actualité n’est pas à la fête, c’est un fait. Nous voilà contraints de fermer les portes de nos musées et expositions, parfois même avant qu’elles n’aient eu le temps d’ouvrir.    Mais la sécurité de tous reste bien entendu notre priorité. Nous gardons donc portes closes pour quelques temps. Vous pourrez compter sur notre équipe pour ponctuer vos journées de couleur, d'anecdotes, d'activités créatives... et continuer à vous offrir de belles expériences culturelles.   Toutes nos pensées vont bien entendu au personnel médical, ainsi qu’à toutes les personnes impactées de près ou de loin par cette crise sanitaire.    Pour toutes les demandes de remboursement, nous vous invitons à contacter visitMons via info.tourisme@ville.mons.be    Prenez soin de vous, et des autres.   A très bientôt !   Toute l'équipe Culture et Tourisme de la Ville de Mons     Reconnu par l’UNESCO en 2000, le site archéologique de Spiennes est l’un des plus anciens et des plus vastes centres d’extraction de silex d’Europe. Parsemé de milliers de puits de mines, le site s’étend sur 100 hectares, à 6 km de la Ville de Mons.     En creusant notamment des puits de mines allant jusqu’à 16 mètres de profondeur, l’homme du néolithique a mis en place les techniques nécessaires pour extraire de grandes dalles de silex pesant parfois plusieurs centaines de kilo. Il a également développé une spécialisation des techniques de taille aujourd’hui reconnue en tant que témoignage du génie humain.     Situé au cœur d’un écrin vert, le « SILEX'S », centre d’interprétation des minières néolithiques de silex de Spiennes permet de comprendre toutes les facettes de ce site archéologique à la réputation internationale. Balades didactiques en extérieur, visite de l’exposition semi-permanente, descente dans une véritable minière néolithique sont proposées aux visiteurs (sur réservation uniquement via visitMons : groupes@ville.mons.be).     Un projet cofinancé par l’union Européenne, la Région Wallonne/CGT et la Ville de Mons     Rencontre avec les archéologues au travail     Du mardi au vendredi, accédez gratuitement à l'espace de fouille de l'Agence Wallonne du Patrimoine (AWaP) et de la Société de Recherche Préhistorique en Hainaut (SRPH). Rencontrez une équipe de passionnés qui vous livreront leurs dernières découvertes extraordinaires dans les minières en cours de fouille.     Visites de la minière en sous-sol     Pour des raisons de conservation de la minière, reconnue par l'UNESCO, seules 5500 personnes peuvent descendre par an.     Il est donc indispensable de réserver la descente au préalable auprès de VisitMons au 065/40.53.48 (Grand'Place) ou à groupes@ville.mons.be. La descente s'effectue par une échelle verticale de 10m de haut. Un harnais anti-chute et un casque seront prévus pour chaque visiteur.     Durant la saison, chaque week-end, samedi et dimanche à 14h, descente possible pour les individuels. Durant les congés scolaires, descente également le jeudi et le vendredi. Réservation obligatoire (065/33.55.80 ou info.tourisme@ville.mons.be) Sous réserve de places disponibles. Max 12p.     Attention     La visite est interdite aux enfants de moins de 10 ans, aux personnes claustrophobes et présentant une faiblesse cardiaque ainsi qu’aux personnes sujettes au vertige et aux femmes enceintes. De plus, en sous-sol, la température n'est que de 12°C. Habillez-vous en conséquence (vêtements chauds, chaussures de marche et pantalon).     Le tarif pour descendre dans la minière est fixé à 8€/personne. Toutefois, le premier dimanche de chaque mois, le site du SILEX'S est accessible gratuitement.     Comment accéder au SILEX'S     Du parking situé à la Place de Spiennes, empruntez un parcours fléché pour rejoindre le SILEX'S (15 minutes à pied). Coordonnées GPS : 50.425435, 3.986929     Parking PMR (uniquement pour les personnes à mobilité réduite et les car/bus) - Ce parking se situe à proximité du site, rue du Point du Jour, n°300. Coordonnées GPS : 50.421535/3.979293 Un plan est mis à votre disposition à visitMons ou est téléchargeable sur www.silexs.mons.be     Mons Card Partner: Accès libre
Musée Saint-Remy;Gand-Place / Eglise Saint-Rémy;7033;Cuesmes;3265313649;;;http://www.mons.be;fgodart@skynet.be;Le musée de léglise Saint-Rémy, situé dans le triforium à létage de léglise vous présente une collection dune centaine de dobjets faisant partie du patrimoine de la paroisse.    Dans cette collection, vous découvrirez, notamment, des vêtements sacerdotaux, un christ polychrome du xVIe, des fonts baptismaux du XVIe, un ostensoir, un ciboire à couronne de Beghin, un missel de Plantin, un tabernacle pivotant, des chapes anciennes, des reliquaires, des statues du XVIIIè de Saint Sébastien et Saint-François de Salle, de nombreux objets de culte,...    Léglise Saint-Rémy, église darchitecture contemporaine a été inaugurée en 1996. Elle remplace léglise construite en 1850 qui sest effondrée en 1986. Des éléments de celle-ci ont été conservés et incorporés dans léglise moderne, manifestant ainsi la permanence du lien de la communauté paroissiale.   Ouvert uniquement pour les groupes et sur réservation.
Casemates et boulangerie militaire;Place Nervienne;7000;Mons;;;;;;"Sous le régime du royaume des Pays-Bas (1814-1830), la ville fut une dernière fois fortifiée. De cette ultime et vaste entreprise, il ne subsiste que les Casemates (magasin au fourrage au XXe siècle) de la place Nervienne et la boulangerie militaire voisine; constructions essentiellement en briques et qui ont eu un usage militaire jusque mai 1940.    Elles sont à présent occupées par diverses activités sportives ou culturelles.    Par ailleurs, le toit de l'ancienne boulangerie militaire a été transformé en 1998 en un jardin public et ludique, spécialement destiné aux enfants    Histoire du bâtiment :    Cet édifice militaire, construit en briques et en pierre bleue, a la forme d'un pentagone et constitue un des quatorze bastions des fortifications qui formaient l'enceinte de la ville de Mons.    Conçue par l'ingénieur Van De Polder, cette caserne militaire devait résister à l'épreuve des bombardements. Les voûtes de l'édifice ont 94 centimètres d'épaisseur. Les casemates sont constituées de douze gaines voûtées de 8,80 mètres d'ouverture sur une hauteur de 5,50 mètres. Les gaines voûtées ont une longueur qui varie de 30 à 50 mètres. La façade des Casemates, longue de 168 mètres est formée de 12 arcades monumentales.    La surface bâtie s'élève à 8500 m² environ.    La caserne devait permettre de loger 2000 hommes en cas de siège, suivant les dispositions réglementaires : 16 m³ d'air par homme, un mètre de largeur par lit et au moins deux mètres d'intervalle entre deux rangées de lits pour l'emplacement des tables et des bancs et pour la circulation des hommes.    Les casemates n'ont pas servi à cet usage puisque plus aucun siège de la ville n'eut lieu après sa construction. Depuis sa construction, la caserne a servi de magasin de fourrage, de dépôt de matériel militaire ; elle a abrité du matériel du ministère des Travaux publics, le Musée de la Route et le Service des Fouilles de la Région wallonne."
Caserne Major Sabbe, devenue Carré des Arts;Rue des Soeurs Noires;7000;Mons;;;;;;"Pendant la période du royaume des Pays-Bas, Mons fut dotée d'une caserne moderne (caserne Guillaume, construite en 1824-1827). Caserne des chasseurs à pied, elle fut dénommée ""Major Sabbe"" après la Première Guerre mondiale, et resta en activité jusqu'à la Seconde Guerre mondiale. Elle fut ensuite le siège de l'athénée Jean d'Avesnes. Depuis 1995, elle est vouée à l'enseignement artistique supérieur. La télévision communautaire, Télé Mons Borinage, y a également installé ses quartiers (en 2000). Chaque année, durant la première quinzaine du mois de juillet, s'y déroule le Festival au Carré, un événement culturel consacré aux créations dans les arts de la scène."
Eglise Sainte-Elisabeth;31 Rue de Nimy;7000;Mons;3265395939;;;;;L’église Sainte-Elisabeth se situe à deux pas de la Grand-Place de Mons, en face du Palais de Justice.    De simple chapelle à paroisse    Avant de devenir une église, Sainte-Elisabeth était une chapelle, située dans un ancien hôtel particulier. Cet hôtel avait été donné en 1345 par Isabeau d’Antoing, veuve de Gérard de Werchin, pour qu’il soit dédié à sa patronne. L’église actuelle ne sera construite qu’en 1516 et deviendra une paroisse importante de la vie montoise.    L’évolution et le style du bâtiment    Le bâtiment que vous pouvez admirez aujourd’hui a subi de nombreuses modifications, principalement à cause d’un incendie survenu lors de la célébration de l’Annonciation en 1714. Une mauvaise manipulation de la fusée évoquant le Saint-Esprit en serait à l’origine ! C’est le fameux architecte montois C.-J. de Bettignies qui s’occupa des travaux de restauration et qui dessina le campanile, réalisé en 1720. L’intérieur est donc une combinaison de parties gothiques datant d’avant l’incendie (les piliers, les nervures et une façade de l’église gothique) et de parties baroques plus récentes (partie haute de la nef et le chœur).    A ne pas manquer    Saviez-vous que la châsse et les lances de Saint Georges sont exposées dans l’église Sainte-Elisabeth ? Ces trésors sont utilisés chaque année pour la traditionnelle fête du Doudou ! Ne manquez pas non plus les orgues de 1778, ainsi que les cinq autels et retables néogothiques, qui ont la particularité d’avoir conservé leur polychromie d’origine.  		 Tous les jours de 9h00 à 18h00
Hôtel de Ville de Mons;22 Grand'Place;7000;Mons;3265395939;;;;info.tourisme@ville.mons.be;"De style gothique, l'Hôtel de Ville montois a été édifié entre 1458 et 1477. Il ne comprend qu’un seul étage et se distingue par un campanile ajouté en 1717-1718.    A l’intérieur, ses salles et salons valent le détour : la « Salle des Mariages » avec son plafond à l’Italienne (1682) ; la « Salle des Commissions » avec sa cheminée en marbre de Rance ; la « Salle des Sacquiaux » avec son âtre imposant du XVIe. Le « Salon des Portraits » et les « Grands Salons » sont également exceptionnels et remeublés d’époque. Dans l’autre aile, le Cabinet d’Apparat est l’une des parties les plus anciennes de l’édifice (XVe) mais sa décoration actuelle remonte à la fin du XIXe siècle. A l’arrière, le Jardin du Mayeur (aménagé entre 1930 et 1936) est un havre de paix arboré au cœur de la Cité. Vous y apercevrez la statue du « Ropieur » et, ressortant du site par la Grand-Place, vous ne manquerez pas l’œuvre de Gérard Garouste (2006) ainsi que le petit singe de Mons qui porte bonheur pour l'année si on lui caresse la tête de la main gauche.       Bon à savoir: le nom de ""Salle des Sacquiaux"" provient du patois local et signifie ""petits sacs en peau"". A l'origine, cette salle servait de salle des gardes et on y plaçait les clés de la ville dans des sacs en peau... des sacquiaux!       La visite des Salons de l'Hôtel de Ville se fait uniquement sur réservation écrite au préalable et sous la houlette d'un guide officiel."
Les Jardins suspendus;Rue de la Boulangerie;7000;Mons;3265338644;;;;jpgilain@live.be;Un petit parc bien caché dans la ville de Mons !       Sauvage à souhait, bien entretenu, un lieu de détente et de plaisir sans pareil. Il est niché au-dessus de l’ancienne boulangerie militaire, rue de la Boulangerie.       Longtemps fermé pour vandalisme, il a ré-ouvert ses portes à l’occasion de Mons 2015. Une association internationale y a effectué d’importants travaux de constructions en bois, préaux, cuisine, douche, toilettes, permettant au public de s’y déplacer, de s’y installer, de s’approprier le bois, véritable petite forêt.       Un tout petit poulailler, des parcelles potagères, des cabanes, un tunnel sous forme d’arbre couché agrémentent le séjour       De grands arbres ombragent ce merveilleux parc, créant un terrain de jeu idéal pour les enfants et un endroit de pique-nique tranquille.       Une asbl composée de citoyens montois, voisins du Jardin et amoureux du lieu, a été constituée afin d’y permettre, créer, encourager toutes sortes d’activités ludiques, culturelles ou autres.       Sont les bienvenus au Jardin Suspendu, tous les amoureux de la nature, du délassement en famille.
Mundaneum - Centre d'Archives de la Communauté française;76 Rue de Nimy;7000;Mons;3265315343;;;http://www.mundaneum.org;info@mundaneum.be;Mons Card Partner: 2€ de réduction    Espace muséal et centre d’archives, le Mundaneum explore par des expositions temporaires le projet de ses fondateurs, Paul Otlet et Henri La Fontaine : la connaissance au service de la paix mondiale !    Lieu unique en son genre, le Mundaneum abrite un patrimoine reconnu par l’Unesco. Centre d’archives et espace d’expositions temporaires, il met en valeur l’héritage et les idées de ses fondateurs, le Prix Nobel de la Paix Henri La Fontaine et le père de la science documentaire, Paul Otlet. Au tournant du 20e siècle, ces deux Belges ont imaginé un système de collecte, de classification et de recherche de toutes les connaissances du monde. Avec un objectif noble : la paix mondiale.    Aujourd’hui tourné vers la société de l’information pressentie par ses fondateurs, le Mundaneum tisse des liens entre patrimoine et innovation numérique, entre éducation et technologie, entre paix intérieure et monde qui nous entoure. Des expositions temporaires, des visites guidées, des outils digitaux, des conférences et ateliers thématiques font du Mundaneum un carrefour des savoirs, d’hier à demain !  		 - Du mercredi au vendredi de 13h00 à 17h00, le week-end et les jours fériés de 11h00 à 18h00
Musée de Nimy - Carrefour de la céramique;31 Rue Edouard Mouzin;7020;Nimy;32479358917;32476993009;;http://www.vieuxnimy.be;musee.nimy@gmail.com;Le Musée de Nimy se veut pour mission première de recueillir et de sauvegarder tout ce qui a trait à l’histoire industrielle de l’ancienne commune de Nimy.    Aujourd’hui devenu Centre de référence de la Céramique de la Région Mons-Borinage et des Départements du Nord et du Pas-de-Calais, les collections du Musée de Nimy abordent 3 grandes thématiques :    - La céramique développée plus particulièrement par la création de « la Route de la Céramique » reliant Andenne à Desvres qui fait découvrir les plus célèbres manufactures de faïence et de porcelaine de la région Mons-Borinage (Thulin, Saint-Ghislain, Wasmuël, Baudour avec comme pôle majeur la faïencerie de NIMY) et d’une partie du nord de la France (Onnaing, Saint-Amand-les-Eaux, Ferrière-la-Petite…).    - Des collections de pipes en terre de Nimy (Nihoul, Scouflaire, Croquet) et du monde ainsi que des objets du tabac.    - Des objets relatifs aux industries nimysiennes importantes (les ateliers Lebrun, les tubes de Nimy,…) et au folklore local.    Dépositaire d'une partie des collections de la section céramique de l'ancien Musée du Centenaire (Mons), le musée vous fera découvrir les plus célèbres manufactures de la Région Mons - Borinage (Baudour, Nimy, Thulin, Saint-Ghislain, Wasmuël...) et d'une partie de la France (Onnaing, St-Amand-les-Eaux, Ferrière-la-Petite...) ainsi qu'une riche collection de pipes en terre.
Cascade d'Hyon;Rue du Moulin au Bois;7022;Hyon;;;;;;Moulin-au-Bois, pont-barrage, site de la cascade, autant de dénominations pour désigner ce lieu charmant       Vous aimez les balades mais pensez avoir déjà fait le tour des beaux coins ? Détrompez-vous ! Il existe à Hyon un pont-cascade niché dans un cadre bucolique. La rivière et l’espace boisé alentour vous promettent de belles promenades au bord de l’eau, surtout que la structure du pont vient tout juste d’être rénovée.       En parlant d’histoire    C’est au confluent de la Trouille et de la rivière de Nouvelles qu’est né ce pont-cascade. À l’origine, fin du XIIe siècle, siégeait un ancien moulin domanial, le « Moulin-au-Bois ». Imaginez une digue à la place de la route actuelle, un grand vivier au lieu de la prairie et trois roues au moulin au lieu d’une, voilà à quoi ressemblait alors le site. En 1823, le moulin fut vendu par la ville de Mons et après la Première Guerre mondiale, il fut transformé en tannerie. Aujourd’hui, il ne subsiste du moulin qu’un morceau du mur le long de la rue, juste avant le pont. Mais la cascade reste l’un des emblèmes de la ville d’Hyon.
Cimetière militaire de Saint-Symphorien;Avenue de la Shangri;7030;Saint-Symphorien;3265335580;;;http://www.visitmons.be;polemuseal@ville.mons.be;Le cimetière de Saint-Symphorien, fut aménagé par les Allemands en 1916 sur un terrain appartenant à Jean Houzeau de Lehaie, éminent naturaliste belge. Ce dernier souhaitant éviter une réquisition de son terrain proposa de concéder gracieusement l'usage de sa parcelle comme cimetière militaire aux communes où se trouvaient les sépultures des soldats.       C'est probablement un de plus beaux cimetières de Belgique. Il comporte deux sections: l'une regroupant les tombes allemandes et l'autre les tombes britanniques. Cette volonté d'unir les différents soldats sur le même site est un symbole fort en temps de guerre.       C'est un endroit fort poignant où l'on se recueille avec beaucoup d'émotion. Les tombes les plus nombreuses sont celles du 4e Middlesex. Vous y trouverez aussi les tombes des soldats tombés pour la libération de la Ville de Mons en novembre 1918.       Il constitue un lieu unique, historique et chargé de souvenirs. Le cimetière est en effet particulier à deux titres:       C'est là que sont inhumés les premier et dernier soldats britanniques décédés durant la Première Guerre mondiale.       Il compte autant de tombes de soldats allemands que de soldats britanniques.
Maison Van Gogh;3 Rue du Pavillon;7033;Cuesmes;3265355611;;3265351349;;;"La maison où vécu Vincent Van Gogh, d'août 1879 à octobre 1880, a été        sauvée de la ruine dans les années 1970. Accessible au public depuis        2007, elle est devenue une ""balise"" incontournable du parcours de Van        Gogh en Europe.                 On considère que le séjour de Van Gogh dans le Borinage, où il exerce        l'activité de pasteur, fut décisif dans le choix d'être peintre.                 Lieu d'hommage, la maison est un espace privilégiant la rencontre avec        l'homme qu'il fut avant de devenir l'illustre artiste connu de tous.                 Depuis le pavillon d’accueil jusqu’à la maison proprement dite, un        parcours scénographique amène le visiteur à la découverte de la vie de        Van Gogh au moyen de plaques émaillées illustrées.                                  Classement 2 étoiles                                           Exposition: “VINCENT Van Gogh à Cuesmes d’août 1879 à          octobre 1980”                        Dès le samedi 3 août, du mardi au dimanche de 12h00 à 18h00, redécouvrez        l’exposition, “VINCENT Van Gogh à Cuesmes d’août 1879 à octobre        1980”, présentant une centaine de documents proposés par les        amis de Vincent à Cuesmes                 1. La maison, le quartier: son histoire                 2. Vincent, l’évangélisateur, ses autoportraits, ses lettres et ses        dessins de Cuesmes.                 Organisation: Pôle muséal de la Ville de Mons : +32 (0) 65355611/ F.        Godart: +32 (0) 65313649                                  Un plus: Circuit “Vincent” à Cuesmes-Flénu à pied ou vélo (soit        individuellement ou accompagnementpour petits groupes) et possibilité de        monter sur un sommet de la région à 156 m: terril du Levant chez Willy        Dréau!             D'avril à novembre, du mardi au dimanche de 12h00 à 18h00."
Maison Van Gogh de Cuesmes;3 Rue du Pavillon;7033;Cuesmes;3265355611;;;http://www.maisonvangogh.mons.be;polemuseal@ville.mons.be;L’actualité n’est pas à la fête, c’est un fait. Nous voilà contraints de fermer les portes de nos musées et expositions, parfois même avant qu’elles n’aient eu le temps d’ouvrir.    Mais la sécurité de tous reste bien entendu notre priorité. Nous gardons donc portes closes pour quelques temps. Vous pourrez compter sur notre équipe pour ponctuer vos journées de couleur, d'anecdotes, d'activités créatives... et continuer à vous offrir de belles expériences culturelles.   Toutes nos pensées vont bien entendu au personnel médical, ainsi qu’à toutes les personnes impactées de près ou de loin par cette crise sanitaire.    Pour toutes les demandes de remboursement, nous vous invitons à contacter visitMons via info.tourisme@ville.mons.be    Prenez soin de vous, et des autres.   A très bientôt !   Toute l'équipe Culture et Tourisme de la Ville de Mons     Cuesmes, petite commune de l’entité montoise, est un lieu de passage obligé pour tous les amateurs et spécialistes de l’œuvre de Van Gogh. Située en bordure de Mons, la Maison Van Gogh abrita d’août 1879 à octobre 1880 l’un des artistes les plus connus de la planète : Vincent van Gogh. C’est durant son séjour au Borinage que le prêcheur est devenu artiste. L’endroit et les paysages avoisinants s’imprègnent d’une aura teintée de références tant rurales qu'ouvrières que le peintre conservera dans son œuvre tout au long de sa vie. Un lieu de mémoire que la nouvelle scénographie s’attache à réveiller. Le parcours débute sous la forme d’une initiation lente qui commence dès l’entrée dans le jardin pour se poursuivre dans un pavillon réaménagé. La visite continue par cette petite maison modernisée pour laisser s’exprimer simplement et sobrement l’esprit de son illustre habitant. Un dispositif audio conclut la visite en resituant historiquement l’œuvre et l’artiste dans le Borinage. Un plus : Circuit “Vincent” à Cuesmes-Flénu à pied ou à vélo (soit individuellement ou accompagnement pour petits groupes) et possibilité de monter sur un sommet de la région à 156 m : le terril du Levant. La maison Van Gogh de Cuesmes est aussi accessible avec le Pass Van Gogh en vente auprès de visitMons ou directement sur ce site. Mons Card Partner : Accès libre
Collégiale Sainte-Waudru;Place du Chapitre;7000;Mons;3265395939;;;http://www.waudru.be;conservateurstewaudru@gmail.com;La Collégiale Sainte-Waudru, église de style gothique brabançon, construite à l'initiative des chanoinesses vous offre de nombreux trésors à ne surtout pas manquer tels que:    Le trésor : l'un des plus beaux ensembles d'orfèvrerie religieuse en Belgique.    Les reliquaires de Sainte Waudru : l'un contenant le corps (la châsse), l'autre la tête (le chef).    Les oeuvres de Jacques Du Broeucq (1505-1584) : maître-artiste de l'empereur Charles-Quint, il réalisa un jubé de style Renaissance dont il ne reste que les statues et bas reliefs en albâtre principalement visibles dans le choeur et le transept.    Les plus anciens vitraux: particulièrement les cinq verrières du chevet, réalisées par un maître verrier montois et offertes en 1510-1511 par l'empereur Maximilien d'Autriche.    Les sculptures: notamment les statues en pierre blanche de Saint-Michel terrassant le démon et de Sainte-Waudru.    Le Car d'or : véhicule en bois peint doré de style Louis XVI (1780/1781), il sert lors de la Procession annuelle de la Trinité (Doudou).    Un peu d'histoire:    La construction de l'actuelle collégiale a débuté en 1450 par le choeur, terminé vers 1506. Le transept fut achevé en 1527 et les travaux d'édification de la nef se prolongèrent jusqu'en 1621. Avec un plan en forme de croix latine et 29 chapelles autour de la nef principale, du transept et du choeur, le bâtiment forme un ensemble unique reconnu comme Patrimoine exceptionnel de Wallonie.    Eglise privée et personnelle des chanoinesses de Sainte-Waudru, elles avaient rêvé pour couronner leur collégiale d'une tour de 190 mètres en façade occidentale. Cette tour, dont les premières pierres furent posées vers 1549, ne fut jamais terminée. Les travaux furent définitivement arrêtés en 1686/1687.
Eglise Notre-Dame de Messines;Rue de Bertaimont;7000;Mons;3265395939;;;;info.tourisme@ville.mons.be;De Saint-Nicolas à Notre-Dame de Messines    L’église Notre-Dame de Messines s’appelait à l’origine l’église de Saint-Nicolas en Bertaimont. Tout d’abord dédiée à Saint-Nicolas, le patron des marchands, on l’a ensuite appelée Notre-Dame de Messines, car la dévotion à ce culte fut croissante dès le début du XVIIe siècle.Tout commença suite au dépôt d’un tableau représentant la Sainte Vierge dans le cimetière entourant l’église. Ce lieu est ensuite devenu un endroit de pèlerinage important, et des miracles furent constatés. Le tableau fut alors placé sur le Maître-autel en 1622.    Une histoire mouvementée    L’histoire de l’église et de la paroisse Notre-Dame de Messines n’est pas un long fleuve tranquille. Elle a débuté au XIIe siècle avec une chapelle dédiée à Saint-Nicolas,dans l’actuelle rue du Trieu. A partir du XIIIe siècle, la paroisse de Saint-Nicolas en Bertaimont fut créée à l’intérieur des remparts, à l’emplacement de l’actuel parking de la banque Dexia. Après avoir été bombardée en 1691 puis réparée, l’église dite de Messines fut fermée et vendue un siècle plus tard. L’église exista à nouveau en lieu et place de l’ancienne église des récollets, située dans la même rue de Bertaimont, qui est donc son emplacement actuel.    La ducasse de Messines    La ducasse de Messines a lieu chaque année, lors du dimanche le plus proche du 25 mars. A l’origine date de pèlerinage, elle est aujourd’hui une des fêtes patronales les plus populaires de la ville. De nos jours, cette manifestation florale se prolonge une semaine durant !
Eglise Saint-Nicolas-en-Havré;Rue d'Havré;7000;Mons;3265395939;;;;conservateurstewaudru@gmail.com;"La chapelle dédiée à Saint-Nicolas, patron des marchands, date du XIIe siècle. Elle faisait partie de l’hôpital Saint-Nicolas de la rue d’Havré. Cette chapelle, très peuplée dès le départ par une majorité de commerçants, est érigée en paroisse en 1224. Une église est ensuite bâtie au XVe siècle, mais sera malheureusement incendiée en 1664 et complètement détruite, à l’exception de sa tour. L’édifice est immédiatement reconstruit sur les plans de l’architecte du Beffroi ; Anthony.    Style et décoration    La façade et la décoration intérieure sont de style baroque. Le chœur et plus particulièrement le maître-autel baroques valent le coup d’œil. Parmi les objets dignes d’intérêt, citons la masse de la paroisse et la statue de Notre-Dame de Montserrat, qui défilent chaque année dans la procession du Doudou, la grande fête folklorique montoise.    Après les travaux…    Cachée par des échafaudages pendant plus de 20 ans, l’église Saint-Nicolas-en-Havrédévoilera bientôt ses nouveaux atours et offrira à la vue de tous des façades rénovées, un vitrail contemporain, une nouvelle toiture, ainsi qu’une tour et un clocher flambant neuf ! L’occasion idéale de (re)découvrir cette magnifique église !"
Magasin de Papier;26 Rue de la Clef;7000;Mons;3265395939;;;http://www.magasindepapier.mons.be/;;Un espace d'exposition pour les artistes montois!    Ouvert en septembre 2012, le Magasin de Papier est un espace d'exposition à caractère contemporain proposant une programmation éclectique essentiellement centrée sur la création plastique locale et régionale.    Le Magasin de Papier est un espace d'exposition à caractère contemporain proposant une programmation éclectique essentiellement centrée sur la création plastique locale et régionale.    Il s'agit pour les créateurs et plasticiens montois et de la région d'une opportunité unique de présenter leurs travaux.    De belles collaborations ont déjà vu le jour dans cet espace avec des collectifs d'artistes mais aussi avec Arts², l'école supérieure des Arts de Mons.
Maison Losseau et son centre de littérature;37, 39, 41 Rue de Nimy;7000;Mons;3265398880;;;http://www.maisonlosseau.be;reservations.losseau@gmail.com;Au centre de Mons, la Maison Losseau, joyau de l’art nouveau, a fait l’objet d’un important travail de restauration et de mise en valeur. La demeure, ainsi que les bâtiments qui la jouxtent, sont désormais accessibles au public. Au cœur de cette maison meublée, classée au Patrimoine exceptionnel de Wallonie, à laquelle sont associés les célèbres architectes Paul Saintenoy, Henri Sauvage et Charles Sarrazin, les décors floraux se déclinent avec délicatesse au travers des mosaïques, lambris, vitraux, parquets marquetés, armoires, lustres et objets divers.       Outre la maison classée, que l’avocat Léon Losseau avait conçue comme « idéale, dotée de tous les perfectionnements techniques et des raffinements artistiques», la Province de Hainaut et la Fondation Losseau vous ouvrent les portes d’un Centre d'Interprétation dont la scénographie, renvoyant à l’univers de la bibliothèque et du cabinet de curiosités, vous permet d’aborder les préoccupations et les passions de Losseau, l’Art nouveau qu’il affectionnait, sa magnifique collection de médailles et l’épisode de la découverte de l’édition originale d’Une Saison en enfer de Rimbaud.       Au deuxième étage, un riche centre de littérature hainuyère accueille étudiants, chercheurs, lecteurs intéressés par la littérature et l’histoire du Hainaut. Doté d’espaces de consultation et de lecture confortables, d’un lieu consacré à la BD et à la littérature pour la jeunesse, il présente en outre, ouverts sur le magnifique jardin de la maison, les fonds Léon Losseau, Charles Plisnier et Claire Lejeune dans un environnement complètement rénové.       Visites guidées en plusieurs langues sur réservation par email reservations.losseau@gmail.com
Muséum régional des Sciences naturelles;7 Rue des Gaillers;7000;Mons;3265401140;;;http://environnement.wallonie.be/museum-mons;bertrand.pasture@spw.wallonie.be;Fermeture momentanée pour travaux dès le 2 avril 2019    Mons Card Partner: Accès libre    Le Muséum régional des Sciences naturelles aborde de nombreux aspects liés à la nature, à l’environnement et aux sciences naturelles.    Oiseaux, Mammifères, Invertébrés, y sont exposés au fil d’une inestimable collection de plusieurs centaines de pièces dont quelques rarissimes comme un Macaque albinos des Philippines ou encore un esturgeon de 2,1 mètres pêché jadis dans la Haine ! Des expositions thématiques sont également réalisées chaque année (voir le programme sur le site Internet du Musée). Des animations et des visites guidées pédagogiques sont organisées gratuitement pour les écoles et les groupes (sur réservation). Ne manquez pas non plus le squelette du géant Constantin (2 mètres 58 et 165 kilos).    Le Musée est une institution dépendant du Service Public de Wallonie.    Le musée sera ouvert chaque 1er dimanche du mois.  		 Des périodes de fermeture sont toutefois possibles. Il est suggéré de vérifier préalablement l’ouverture du Musée.
Pass Van Gogh;;7000;Mons;3265335580;;;;info.tourisme@ville.mons.be;Grâce au Pass Van Gogh (accessible à partir de 12 ans), découvrez l’univers de Van Gogh à un prix avantageux. Pour seulement 8€ par personne, vous avez accès aux quatre sites suivants :       * Le site de Marcasse : c’est sur le site du charbonnage de Marcasse que Vincent van Gogh est descendu en avril 1879 pour se rendre compte des conditions de travail des mineurs. (Site de Marcasse - Sentier de Saint-Ghislain, 7, 7340 Colfontaine)       * La maison Van Gogh de Wasmes : balise incontournable des « Routes Européennes de Van Gogh » l’artiste y séjourna de décembre 1878 à juillet 1879 (Rue Wilson, 221, 7340 Wasmes)       * La Maison de Cuesmes : dite du Marais, l’artiste y a vécu jusqu’en 1880. Depuis le pavillon d’accueil jusqu’à la maison proprement dite, un parcours scénographique amène le visiteur à la découverte de la vie de Van Gogh. (Rue du Pavillon, 3, 7033 Cuesmes)       * L’ Artothèque : un site où l’on peut admirer une œuvre de Van Gogh, « Les Bêcheurs » (Rue Claude de Bettignies, 1, 7000 Mons)       Par ailleurs, sur réservation préalable auprès de visitMons, vous pouvez obtenir la location gratuite d’un vélo et d’un GPS… pour partir sur les traces de Van Gogh.
Château d'Havré;30 Rue du Château;7021;Havré;3265872535;;;http://www.chateaudhavre.be;info@chateaudhavre.net;Attesté dès 1266, le site a connu de nombreux sièges qui ont modifié la disposition du domaine au fil du temps. En 1518, à la suite d’un échange, le château passe aux mains de la Maison de Croÿ et accueille le chirurgien Ambroise Paré qui y applique, contre l’usage courant, une ligature des artères, sauvant ainsi Charles Philippe de Croÿ (1569).    A la fin du XVIe, le château est en piteux état et Charles Alexandre de Croÿ, marquis d’Havré, imagine un ensemble majestueux et coiffe le donjon octogonal (XIVe s.) d’un joli bulbe ardoisé (1603). Les lieux, transformés en opulente demeure, voient défiler des visiteurs de marque : Van Dyck, Rubens, Marie de Médicis, l’Infante Isabelle, Marie de Hongrie, le duc de Malborough, etc...    Après la Révolution, le château n’est plus habité par la famille de Croÿ qui le délaisse et l’abandonne définitivement dès 1839. En 1919, le chanoine Puissant tente un sauvetage du site mais la tâche dépasse ses moyens. Dès 1930, des éboulements se succèdent et l’existence du domaine en devient menacée. Heureusement, sous l’impulsion d’Emile Poumon, historien du cru, des habitants se constituent en asbl (1978) et y débutent un long travail de sauvegarde.  		 Visite guidée du château pour les groupes sur simple rendez-vous.
Abbaye de Saint-Denis;4 Rue de la Filature;7034;Obourg;3265730091;;;http://www.abbaye-st-denis.be;info@abbaye-st-denis.be;L’Abbaye de Saint-Denis, au cœur d’un parc arboré de 15 hectares, est sans conteste l’un des lieux les plus pittoresques de la région de Mons. Une eau cristalline coule à travers bois et étangs qu'elle étanche et approvisionne dans le giron de l'abbaye. De part et d'autre de l'étroite vallée, les prairies et les bois occupent les versants vallonnés.    Sur le site vous ne manquerez pas l'ancien moulin abbatial et sa monumentale chute d'eau. Le village intègre dans le décor naturel sans l'entraver, les vieilles fermes et les maisons plus modestes de manouvriers employés autrefois dans les carrières de quartzite local.    Le mur d'enceinte de l’abbaye est toujours debout de même que les portes en pierre sculptée et la plupart des bâtiments de l'ancienne abbaye bénédictine fondée en 1081.    Des moines ont occupé le site jusqu'à la fin du XVIIIe siècle avant qu’une importante filature de coton s’y installe jusqu’en 1958.    L’Abbaye de Saint-Denis, un site pour tous vos évènements !    Dans le cadre rénové de l'ancien cloître des convers, nous vous proposons une salle de 20 à 200 personnes pour y organiser : réunions, séminaires, conférences, expositions culturelles ou commerciales, cocktails, fêtes familiales...    L’équipe de l’Abbaye sont à votre disposition pour l'élaboration de vos réunions ou de toute manifestation en accord avec les lieux historiques du site de l'Abbaye.    Un lieu à ne …surtout pas manquer
BAM;8 Rue Neuve;7000;Mons;3265405330;;;http://www.bam.mons.be;;"L’actualité n’est pas à la fête, c’est un fait. Nous voilà contraints de fermer les portes de nos musées et expositions, parfois même avant qu’elles n’aient eu le temps d’ouvrir.    Mais la sécurité de tous reste bien entendu notre priorité. Nous gardons donc portes closes pour quelques temps. Vous pourrez compter sur notre équipe pour ponctuer vos journées de couleur, d'anecdotes, d'activités créatives... et continuer à vous offrir de belles expériences culturelles.   Toutes nos pensées vont bien entendu au personnel médical, ainsi qu’à toutes les personnes impactées de près ou de loin par cette crise sanitaire.    Pour toutes les demandes de remboursement, nous vous invitons à contacter visitMons via info.tourisme@ville.mons.be    Prenez soin de vous, et des autres.   A très bientôt !   Toute l'équipe Culture et Tourisme de la Ville de Mons     Le BAM (Beaux-Arts Mons) est conçu comme une expérience unique, un espace de découvertes de la création artistique sous toutes ses formes, un lieu de vie aussi où se succèdent toute l'année des événements. Ce projet architectural résolument contemporain allie le fonctionnel et la rigueur muséale à l'esthétique puisque l'architecture du musée laisse la part belle aux espaces de circulation lumineux prenant le parti de la transparence. Des grandes expositions Chaque année, le BAM accueille deux expositions de prestige. Présentées sur près de 2.000 m², ces expositions sont l’occasion de découvrir un artiste, un mouvement artistique ou une thématique en lien avec nos collections. Fidèle à ses valeurs d’ouverture à tous les types de publics, notamment les moins favorisés, le BAM veille à organiser une série d’activités jalonnant les grandes expositions. Ainsi, le visiteur pourra assister à des concerts dans les salles d’exposition, des spectacles de danse, des parcours littéraires mais se verra aussi proposer des activités diverses dans des infrastructures partenaires telles que diffusion de films, spectacles de théâtre, etc. Les collections Riche de plus 15.000 œuvres d’art, la collection du musée se concentre plus particulièrement sur la période du XXe siècle. L’ensemble de ce patrimoine est conservé au sein de l’Artothèque ; la réserve de tous les musées de la Ville de Mons. Outre les expositions d’envergure internationale, les collections permanentes trouvent également leur place dans ce bel écrin où l’on peut admirer, une sélection d’œuvres illustrant la diversité et la qualité des collections muséales, très représentatives de l’art belge et étranger de la seconde moitié du XXe siècle.  Mons Card Partner: Accès gratuit.     En ce moment au BAM : L’École de Mons. Deux siècles de vie artistique (BAM)  Du 07.03.2020 au 16.08.2020  À Mons, la création artistique est en effervescence depuis deux siècles. De nombreux artistes, montois ou non, trouvent dans la cité du Doudou une ville particulièrement sensible à l’art. Une académie, un musée, des espaces d’exposition,… voient le jour dès le début du XIXe siècle pour transformer Mons en pôle culturel. L’art est une tradition féconde et bien vivante à Mons ! Au fil de cette exposition, (re)découvrez le patrimoine artistique de Mons à travers environ 150 œuvres. Pour la toute première fois, une exposition témoigne de la manière dont la cité du Doudou s’est imposée depuis deux siècles comme une ville de culture, défendant l’enseignement artistique, les musées et les artistes actifs sur le territoire. Y a-t-il bel et bien une « école de Mons » qui se réclamerait d’une doctrine ? Au début du 19e siècle, tout comme Bruxelles, Gand ou Anvers, Mons possède une académie pour former les artistes, un musée pour acquérir les œuvres, et organise un salon tous les trois ans. Fort de ces institutions, un véritable courant artistique va naître et se développer tout au long du 20e siècle, grâce à de nombreux artistes. Bien qu’ils aient eu une carrière importante, la plupart ont été injustement oubliés. Cette exposition inédite permet de retracer l’histoire mouvementée et foisonnante de cette « école de Mons » : parcourant deux siècles d’art, elle offre un vaste et éclectique ensemble d’œuvres au sein duquel des groupes d’artistes partageant des liens narratifs se détachent. À travers plus de 150 pièces comprenant peintures, sculptures, dessins, mais aussi photographies, vidéo et même installations, nous découvrons une centaine d’artistes ayant été – ou étant toujours – actifs à Mons. Qu’ils en soient originaires ou seulement de passage, leurs œuvres ont été sélectionnées par le commissaire Denis Laoureux en fonction d’un thème ou d’une période révélant des liens esthétiques qui rythment les 200 ans couverts par l’exposition. Ainsi, un hommage à la tradition de la gravure montoise, grâce à des chefs d’ateliers très actifs comme Auguste Danse ou Gabriel Belgeonne, qui ont exposé partout en Europe et formé de nombreux élèves. Aux côtés d’artistes renommés tels Anto-Carte, Fernand Dumont ou Marcel Lefrancq, l’exposition tient également à rendre justice à des créateurs virtuoses à l’œuvre foisonnante, comme Antoine Bourlard et Cécile Douard, Victor Dieu et bien d’autres, parfois relégués au statut d’ « artistes de province ». L’art contemporain n’est pas oublié – bien qu’arrivant tardivement à Mons, suite à la transformation de l’académie en école supérieure, en 1976. Des artistes tels que Philippe Bouillon (Prix de la Jeune Peinture Belge 1994), Pierre Liebaert (Prix du Hainaut 2017) ou le collectif Void, qui présentera une installation seront également exposés.     Pour acheter vos tickets pour l'exposition, rendez-vous sur l'onglet ""Réserver"" sur la page d'accueil de notre site."
Beffroi de Mons;Rampe du Château;7000;Mons;3265405325;;;http://www.beffroi.mons.be;;"L’actualité n’est pas à la fête, c’est un fait. Nous voilà contraints de fermer les portes de nos musées et expositions, parfois même avant qu’elles n’aient eu le temps d’ouvrir.    Mais la sécurité de tous reste bien entendu notre priorité. Nous gardons donc portes closes pour quelques temps. Vous pourrez compter sur notre équipe pour ponctuer vos journées de couleur, d'anecdotes, d'activités créatives... et continuer à vous offrir de belles expériences culturelles.   Toutes nos pensées vont bien entendu au personnel médical, ainsi qu’à toutes les personnes impactées de près ou de loin par cette crise sanitaire.    Pour toutes les demandes de remboursement, nous vous invitons à contacter visitMons via info.tourisme@ville.mons.be    Prenez soin de vous, et des autres.   A très bientôt !   Toute l'équipe Culture et Tourisme de la Ville de Mons     Un musée tout en hauteur! Le contenu des espaces d'exposition conduira le visiteur à voyager dans le temps, aux sources de sa construction, à comprendre son rôle dans les différentes époques traversées, mais aussi à faire voyager en altitude à la découverte de notre région. L'histoire du Beffroi de Mons et sa reconnaissance par l'Unesco y occupent une place centrale. Au cœur de l'exposition, des objets issus des collections montoises, des panneaux, des structures interactives, racontent l'histoire atypique de ce bâtiment exceptionnel. Sur une surface de 400m² d'espaces muséaux répartis sur plusieurs niveaux, le visiteur sera amené à découvrir le Beffroi sous différentes facettes. Un dispositif innovant permettra de remonter le temps et de (re)découvrir un magnifique panorama. Le Beffroi de Mons, unique en Belgique! Seul Beffroi baroque de Belgique, il représente le symbole de la ville. Construit entre 1661 et 1672 par l'architecte et sculpteur Louis Ledoux et l'ingénieur-arpenteur Vincent Anthony, il est classé au ""Patrimoine mondial"" par l’Unesco depuis 1999. L'édifice s'illustre par un style baroque sobre aux décors classiques et aux bulbes caractéristiques. 365 marches, 87 mètres de haut, 49 cloches, un plan carré de 14 mètres de côté, des façades quasi identiques, des éléments d’ordres ionique, dorique et corinthien, quatre imposants cadrans d’horloge, un ensemble de toitures d’ardoises naturelles, un bulbe central qui prolonge la toiture, de petites lucarnes surmontées d’épis dorés et une imposante girouette dorée à la feuille, toutes ses caractéristiques en font un édifice plus qu'unique. Pour votre confort de visite, la dernière montée au Beffroi se fera chaque jour à 17h15. La visite dure en moyenne 45 min.     Mons Card Partner: Accès gratuit."
Chapelle Saint-Calixte;Square du Château;7000;Mons;3265353488;;3265356336;;benoit.vancaenegem@ville.mons.be;Point culminant de la ville, le site de l'ancien château est l'endroit        rêvé pour découvrir Mons. Du château, résidence des comtes de Hainaut        depuis le XIe siècle, il ne reste que la Chapelle Saint-Calixte édifiée        en 1051 lorsque la comtesse Richilde décide d’édifier une chapelle pour        abriter des reliques du pape Saint-Calixte, mort martyr au début du        IIIème siècle. La crypte abrite des copies de gisants réalisés par André        de Beauneveu au XIVe s. et des fresques romano-byzantines ornent les        murs et voûtes de l’étage (reconstitution de E. Dubrunfaut, 1951).  L’étage de la Chapelle accueille aussi l’exposition « Un Beffroi en Chantier »        qui présente des documents d’archives et des plans d’architectes du        futur centre d’interprétation mais aussi des objets, films et images de        la restauration racontant ainsi l’histoire atypique du Beffroi, reconnu        au Patrimoine mondial de l’Humanité (Unesco). Des premières esquisses du        bâtiment à sa réouverture prévu en 2015 en tant que Centre        d’interprétation, le Beffroi y livre les secrets de son évolution, de sa        création à sa restauration entamée voici presque 30 ans.              Du mardi au dimanche de 12h00 à 18h00
Mons Memorial Museum;51 Boulevard Dolez;7000;Mons;3265405320;;;http://www.monsmemorialmuseum.mons.be;polemuseal@ville.mons.be;L’actualité n’est pas à la fête, c’est un fait. Nous voilà contraints de fermer les portes de nos musées et expositions, parfois même avant qu’elles n’aient eu le temps d’ouvrir.    Mais la sécurité de tous reste bien entendu notre priorité. Nous gardons donc portes closes pour quelques temps. Vous pourrez compter sur notre équipe pour ponctuer vos journées de couleur, d'anecdotes, d'activités créatives... et continuer à vous offrir de belles expériences culturelles.   Toutes nos pensées vont bien entendu au personnel médical, ainsi qu’à toutes les personnes impactées de près ou de loin par cette crise sanitaire.    Pour toutes les demandes de remboursement, nous vous invitons à contacter visitMons via info.tourisme@ville.mons.be    Prenez soin de vous, et des autres.   A très bientôt !   Toute l'équipe Culture et Tourisme de la Ville de Mons     Musée, lieu de réflexions, espace de questionnement,... Autant de dénominations pour définir le Mons Memorial Museum sur le site de l'ancienne Machine à Eau. Plus qu'un simple lieu d'exposition, ce nouvel espace muséal se veut un espace de rencontre, un lieu d'échanges intergénérationnels au cœur d'un territoire de Mémoire marqué par les deux guerres mondiales qui bousculèrent le XXe siècle. Ce nouvel espace muséal invite les visiteurs de tous âges à s'interroger sur les réalités multiples et complexes des phénomènes guerriers. Une vaste exposition permanente permet au public d'être mis en présence, tant de l'histoire singulière de la ville. A travers le destin d'hommes et de femmes qui furent témoins de ces évènements, le visiteur est plongé dans le vécu quotidien des soldats mais également des civils, en période de guerre. Une collection d'objets uniques! Les objets exposés, sélectionnés parmi les 5000 que comptent les collections d'histoire militaire de la Ville de Mons, sont vecteurs de questionnements. Le parcours permanent du Mons Memorial Museum est jalonné de différents témoignages, véritables fils conducteurs de la visite. Des lettres, carnets de note et interviews viennent donner vie aux objets présentés, apportant un regard sensible sur les évènements traités. Des témoignages britanniques, américains, canadiens ou belges côtoient des récits allemands, apportant ainsi du relief aux évènements internationaux présentés dans le musée. Adaptation pour le public non-voyant Les personnes mal voyantes désireuses de profiter d’un moment culturel adapté à leur handicap pourront visiter le musée. Grâce à une collaboration étroite avec Les Amis des Aveugles, des adaptations spécifiques ainsi que des guides muséaux seront réalisés en braille.  Mons Card Partner: Accès gratuit.  Durée recommandée pour la visite du musée : 1h30
Chapelle Notre-Dame de Bon-vouloir;99 Rue Edouard Dewèze;7021;Havré;;;;;;"La Chapelle de Notre Dame de Bon Vouloir est une chapelle de style gothique, édifiée en 1631, par la famille de Croy, seigneurs d'Havré, à l'emplacement d'un tilleul sur lequel était autrefois fixée une Vierge miraculeuse. C'est un lieu de pèlerinage bien connu dans la région.  Patrimoine architectural.     Accessible par une allée de tilleuls, l’édifice est ouvert tous les jours, et donne accès à la nef, depuis laquelle vous pouvez admirer l'intérieur de la chapelle quand il n'y a pas d'office. Celle-ci regorge en effet d'éléments esthétiques, et le mobilier vaut le détour: vitraux, autel Renaissance en marbres colorés, jubé XVIIe siècle, monuments funéraires en marbre,…     De l'extérieur, elle présente une toiture d'ardoise naturelle dont la corniche se distingue par ses corbeaux de chêne sculptés à figures humaines.     Messe traditionnelle et culte  Tous les dimanches soirs, une messe selon le rite romain traditionnel est célébrée, en latin et avec des chants grégoriens.     Et le 15 août de chaque année, Notre-Dame du lieudit le ""Bon Vouloir"" est fêtée pour ses bonnes grâces. Les Havrésiens, en commémoration de la fin des épidémies qui sévirent sur la région au XVIIe siècle, processionnent alors la statue de Notre-Dame de Bon Vouloir, la remerciant ainsi des guérisons obtenues."
Artothèque;1 Rue Claude de Bettignies;7000;Mons;3265405380;;;http://www.artotheque.mons.be;polemuseal@ville.mons.be;L’actualité n’est pas à la fête, c’est un fait. Nous voilà contraints de fermer les portes de nos musées et expositions, parfois même avant qu’elles n’aient eu le temps d’ouvrir.    Mais la sécurité de tous reste bien entendu notre priorité. Nous gardons donc portes closes pour quelques temps. Vous pourrez compter sur notre équipe pour ponctuer vos journées de couleur, d'anecdotes, d'activités créatives... et continuer à vous offrir de belles expériences culturelles.   Toutes nos pensées vont bien entendu au personnel médical, ainsi qu’à toutes les personnes impactées de près ou de loin par cette crise sanitaire.    Pour toutes les demandes de remboursement, nous vous invitons à contacter visitMons via info.tourisme@ville.mons.be    Prenez soin de vous, et des autres.   A très bientôt !   Toute l'équipe Culture et Tourisme de la Ville de Mons     ﻿La chapelle du couvent des Ursulines connaît un nouveau souffle. Elle est devenue le lieu de conservation du patrimoine communal montois en servant d’écrin aux œuvres et aux activités qui les entourent.  A la fois centre de réserve, de recherche, de restauration et d’étude du patrimoine, l'Artothèque rassemble en son sein les collections qui ne sont pas exposées de façon permanente dans les autres sites muséaux. Outre sa mission de conservation, ce lieu a également un large rôle de promotion du patrimoine montois en le rendant accessible virtuellement mais aussi en levant une partie du voile sur les métiers « cachés » dans les musées.
Château comtal;Rampe du Château;7000;Mons;;;;;;Au sommet de la colline, se trouvent les plus anciens vestiges de constructions en pierre (XIe et XIIe siècles). Il s'agit d'un château fort stratégiquement bien situé. Le territoire de cet ensemble défensif fut utilisé à des fins diverses jusqu'au milieu du XIXe siècle, puis aménagé, après démolition de la plupart des bâtiments (1869-1870), en square planté d'arbres à présent centenaires, entourant le Beffroi.
Les Anciens Abattoirs - Fermeture temporaire;17 Rue de la Trouille;7000;Mons;3265395939;;;http://www.abattoirs.mons.be;;L’actualité n’est pas à la fête, c’est un fait. Nous voilà contraints de fermer les portes de nos musées et expositions, parfois même avant qu’elles n’aient eu le temps d’ouvrir.    Mais la sécurité de tous reste bien entendu notre priorité. Nous gardons donc portes closes pour quelques temps. Vous pourrez compter sur notre équipe pour ponctuer vos journées de couleur, d'anecdotes, d'activités créatives... et continuer à vous offrir de belles expériences culturelles.   Toutes nos pensées vont bien entendu au personnel médical, ainsi qu’à toutes les personnes impactées de près ou de loin par cette crise sanitaire.    Pour toutes les demandes de remboursement, nous vous invitons à contacter visitMons via info.tourisme@ville.mons.be    Prenez soin de vous, et des autres.   A très bientôt !   Toute l'équipe Culture et Tourisme de la Ville de Mons     Musée  Mons Card Partner: Accès gratuit  Consruits à la fin du XIXe siècle, les anciens Abattoirs ont été rénovés en 2006 afin d’être requalifiés. L’affectation actuelle est destinée à la valorisation des arts plastiques. Le lieu accueille des expositions de qualité qui contribuent à l’intégrer à la dynamique culturelle de la Ville. L’édifice principal, la grande halle, s’étend sur un seul niveau de 70 mètres de long sur 10 mètres de large. Le dispositif de suspension d’origine a été conservé dans le souci d’une reconversion respectueuse du bâtiment d’origine. L’étable et le frigo ont également été adaptés à ses nouvelles fonctions. L’étable abrite l’asbl World Crafts Council Belgium dédiée aux arts appliqués tandis que le Frigo est un espace polyvalent.  Les anciens Abattoirs, c'est aussi un lieu qui vaut le coup d'œil de par son ampleur et sa qualité architecturale. Un lieu qui a une histoire aussi. Les Abattoirs furent construits en 1854-1855 par l'architecte Sury, dans le style Lombard. Classé en 1985, le site a subi une première phase importante de restauration, essentiellement sur les aspects extérieurs du bâtiment. Totalement réaménagée et adaptée à ses nouvelles fonctions, cette architecture est sans nul doute un bel exemple de reconversion d'un bâtiment typiquement XIXe siècle, comme Mons en possède déjà de nombreux exemples.
Mons Card;27 Grand Place;7000;Mons;3265335580;;;http://www.visitmons.be;info.tourisme@ville.mons.be;La Mons card, c'est quoi? C'est la meilleure façon de découvrir Mons-Borinage. C'est l'assurance de profiter au mieux de son séjour à Mons à des prix imbattables.  Avec la Mons Card, bénéficiez jusqu'à 70% de réduction et accédez au meilleur de Mons-Borinage pendant 24, 48 ou 72h!  Accès et réductions dans plus de 15 sites et musées Des avantages dans 28 restaurants partenaires! Des réductions et cadeaux dans 32 commerces Le loisir et l'amusement à prix malin! Un vélo adulte en prêt gratuit pour visiter facilement Mons et la Région   La Mons Card, à quel prix?  La Mons Card adulte:  24h = 18€ | 48h = 26€ | 72h = 34€  La Mons Card kids:  24h = 5€ | 48h = 10€ | 72h = 15€  Achetez votre Mons Card en ligne et bénéficiez de 2€ de réduction supplémentaire
Musée François Duesberg;12 Square Franklin Delano Roosevelt;7000;Mons;3265363164;;;http://www.duesberg.mons.be;;"Le musée François Duesberg, une découverte multiculturelle exceptionnelle !    Un musée hors du commun hautement didactique, un temple sublime de l’art néo-classique et de l’art de vivre sous le Premier Empire, avec d’innombrables merveilles évocatrices de l’épopée napoléonienne.    Sa prestigieuse collection de pendules à sujets exotiques (1795-1815) est l’une des plus importantes au monde et rassemble des pièces d’exception dont la superbe pendule Paul et Virginie, œuvre du bronzier Thomire, qui aurait été commandée en 1802 par Bonaparte lui-même. La thématique du « bon sauvage », stimulée par Defoe (Robinson Crusoé), Bernardin de St-Pierre (Paul et Virginie) ou encore Chateaubriand (Atala) se décline ainsi autour d’une collection majestueuse qui vaut véritablement le détour.    Le musée comprend également une remarquable collection de porcelaines réalisées par les meilleures manufactures parisiennes et bruxelloises ainsi que des orfèvreries somptueuses, d’exceptionnels bronzes dorés français, des bijoux anciens (dont un ensemble de superbes camées) ainsi qu’une multitude de rarissimes objets de haute curiosité.    Un musée exceptionnel au raffinement inégalé. Aménagé dans un bâtiment classé de la fin du XIXe siècle, ancienne Banque Nationale de Belgique, le musée François Duesberg est incontestablement l’un des plus beaux en Belgique. Un incroyable mariage de l’Art du Temps et de l’Art de la Table !    Témoin privilégié de l’œuvre du baron et de la baronne François Duesberg, le musée est l’aboutissement d’une collection privée sublimée avec amour au cours d’une longue vie de collectionneurs méticuleux et passionnés ; un impressionnant travail d’orfèvre.    La ville de Mons, grâce au mécénat de M. et Mme Elie François Duesberg, a la chance de compter en centre-ville un lieu internationalement reconnu et consacré à l’Art néo-classique de la période 1775-1825.    Visites guidées sur demande préalable auprès du Conservateur général des lieux, le Baron François Duesberg."
Salle Saint-Georges;Grand Place;7000;Mons;3265405206;;;http://www.sallesaintgeorges.mons.be;polemuseal@ville.mons.be;L’actualité n’est pas à la fête, c’est un fait. Nous voilà contraints de fermer les portes de nos musées et expositions, parfois même avant qu’elles n’aient eu le temps d’ouvrir.    Mais la sécurité de tous reste bien entendu notre priorité. Nous gardons donc portes closes pour quelques temps. Vous pourrez compter sur notre équipe pour ponctuer vos journées de couleur, d'anecdotes, d'activités créatives... et continuer à vous offrir de belles expériences culturelles.   Toutes nos pensées vont bien entendu au personnel médical, ainsi qu’à toutes les personnes impactées de près ou de loin par cette crise sanitaire.    Pour toutes les demandes de remboursement, nous vous invitons à contacter visitMons via info.tourisme@ville.mons.be    Prenez soin de vous, et des autres.   A très bientôt !   Toute l'équipe Culture et Tourisme de la Ville de Mons     Mons Card Partner: Accès libre  Située au cœur de la ville, cette salle, historiquement liée à l’Hôtel de Ville, accueille des expositions principalement centrées sur la thématique «Culture et société».  La Salle Saint-Georges désigne le bâtiment situé à gauche de l’Hôtel de Ville et communiquant avec lui par l’étage: il est construit dans le style Baroque. Cette salle constituait jadis l’oratoire échevinal, où l’on célébrait la première messe à l’usage des agents de la ville. C’est depuis le Salon des Etats, situé à l’étage de la Salle Saint-Georges et à l’extrémité de la salle gothique de l’Hôtel de Ville, que les autorités suivaient les offices religieux, grâce à une porte à double battant qui ouvrait sur la chapelle scabinale.  Cette chapelle, restaurée au début du XXe siècle, a été bâtie en 1601 pour remplacer une autre datant du XIVe siècle dont l’abside existe encore en partie. Plusieurs confréries eurent leur lieu de réunion dans cet oratoire mais la plus célèbre fut celle de Saint- Georges. Cependant, rien dans la chapelle Saint- Georges ne rappelle ces souvenirs. Après avoir été affectée à divers services publics tels que des tombolas, des tirages au sort ou encore des élections, elle est aujourd’hui réservée aux expositions.
Tour Valenciennoise;Rue des Arbalestriers;7000;Mons;;;;;;Après la destruction de l'enceinte médiévale, des six portes (XIIIe siècle) et des tours en pierre et briques (XIVe siècle), seule subsiste la tour dite Valenciennoise, qui se dresse dans la rue des Arbalestriers.    La tour valenciennoise, inaugurée en 1359. Ses solides murs -c'est peu dire puisqu'ils ont quatre mètres d'épaisseur - ont de tout temps découragés les démolisseurs les plus vaillants. A l'époque, comme disait mon grand-père, on construisait pour durer ! De la tour, il subsiste encore aujourd'hui deux niveaux qui ont fait l'objet en 2009 d'une restauration complète. A l'origine, la tour valenciennoise comptait un étage supplémentaire et sa toiture devait avoir la forme d'une poivrière.       Son récent lifting est assez impressionnant et agrémentée d'une touche contemporaine. Une passerelle d'accès extérieur en métal accompagne à présent la tour.
Trésor de la Collégiale Sainte-Waudru;Place du Chapitre;7000;Mons;3265395939;;;http://www.tresorsaintewaudru.mons.be;conservateurstewaudru@gmail.be;"L’actualité n’est pas à la fête, c’est un fait. Nous voilà contraints de fermer les portes de nos musées et expositions, parfois même avant qu’elles n’aient eu le temps d’ouvrir.    Mais la sécurité de tous reste bien entendu notre priorité. Nous gardons donc portes closes pour quelques temps. Vous pourrez compter sur notre équipe pour ponctuer vos journées de couleur, d'anecdotes, d'activités créatives... et continuer à vous offrir de belles expériences culturelles.   Toutes nos pensées vont bien entendu au personnel médical, ainsi qu’à toutes les personnes impactées de près ou de loin par cette crise sanitaire.    Pour toutes les demandes de remboursement, nous vous invitons à contacter visitMons via info.tourisme@ville.mons.be    Prenez soin de vous, et des autres.   A très bientôt !   Toute l'équipe Culture et Tourisme de la Ville de Mons     Che sont les reliques ki estoient en le glise medame Saincte Waudrut, l'année M. CCC. et cync.  Premiers, li chies medame saincte Waudrut.  Item li afike medame saincte Waudrut.  Item li grande croys al anial.  Item une croys à II imagenetes c'on oevre.  Item li coupe monsigneur s. Vincien.  Item li vissages monsigneur saint Veroine.  Item sen orelle.  Item de saint Nicolai.  Item le dent monsigneur saint Gislain.  Item de vestemens Nostre Dame.  Item de monsigneur saint Quentin.  Item de monsigneur saint Blaive.  Item de saincte Margherite.  Item I vasial ù il a de monsigneur saInt Jehan Batiste et de pluseurs sains.  Item une petite croysete. Si a pluseurs reliques.  Item en I petit vaisselet d'or de monsigneur saint Jehan Batiste.  Item de tunica sancti Bernardi.  Item une escafote d'argent.  Si a ens plusseurs reliques.  Item uns grenas.  Item II imaginetes d'ivoyre de Nostre-Dame : si a en l'une de saint Siméon.  Item en I vaisselet d'argent de saint Demetre.  Item en une croysete d'argent à IIII bras : si a de le saincte vraie croys.  Et li doy anelet sont mis ens ou cofrelet ki fu medemissielle de Biévène. Et si est awoec uns grenas, ki fu medame de le Loge, et li uns des II anelés, li plus grans, si fu medame d'Artois. Si est dyamans.     De cet inventaire établi en 1305 ne subsistent, notés en gras dans la liste ci-dessus, que le chef de sainte Waudru (la relique a été placée dans son actuel reliquaire en 1867, le beau reliquaire de 1250 ayant disparu en 1794), la ""Benoîte Affique"", le reliquaire de saint Vincent, la relique de saint Ghislain, un fragment « du voile de la Vierge », une relique de saint Quentin et la croix « abbatiale ».     Au fil du temps, les chanoinesses et les différents souverains protecteurs du chapitre de Sainte-Waudru augmenteront le Trésor de la collégiale dont la plus grande partie disparaîtra lors de la Révolution française.     Quelques œuvres seront soustraites à la destruction grâce à quelques montois, quelques chanoines de Saint-Germain et quelques chanoinesses. Ces œuvres seront données à la Fabrique de Sainte-Waudru après le 16 octobre 1803, date de création de la paroisse Sainte-Waudru.     Aujourd'hui, augmenté de dépôts que nous mentionnerons plus loin, le Trésor de Sainte-Waudru est présenté, pour ses œuvres les plus précieuses, dans l'ancienne salle capitulaire. Jusqu'en 1958, c'est dans une vitrine derrière le maître-autel de la collégiale que certaines de ces œuvres étaient exposées ; les autres étaient enfermées à la sacristie. Du temps des chanoinesses (jusqu’en 1794, le Trésor était conservé dans les actuelles sacristies alors appelées « Trésorerie »).     Le Trésor de la Collégiale … présentation sommaire …     La Patronne de Mons est évoquée par plusieurs œuvres propriétés de la Fabrique :     - la ""Benoîte Affique"" (broche à l’histoire exceptionnelle : des serments se prêtaient sur elle ; des fiefs relevaient d’elle. La tradition, à tort, l’a souvent présentée comme un bijou ayant appartenu à sainte Waudru. Pâte de verre. Fin XIIe – début XIIIe S.),  - deux linceuls ayant enveloppé les restes de son corps (l'un du IXe siècle, l'autre fin VIIe - début VIIIe d'origine byzantine, et qui a été utilisé lors de la translation de 1157),  - des fragments du sac, placé lors de la translation des reliques en 1313, qui enveloppe encore les restes de son corps dans la châsse.  - une statuette du XVe, conforme à l'iconographie de la sainte : une mère avec ses deux filles (en prêt au Musée du Doudou).     Le chapitre de Sainte-Waudru est rappelé par les matrices de sceaux et contre-sceaux (1392 -en prêt au Musée du Doudou- et XVIe, 1548 et XVIIIe) et les médaillons (+/- 1764) que les chanoinesses portaient sur elles quand elles n'étaient pas revêtues de leur tenue de chœur.     Une vitrine renferme des calices (XIVe – XXe) retraçant l'évolution stylistique des orfèvres montois de l'époque gothique au XXe siècle. Tous sont toujours utilisés pour les offices célébrés en la collégiale. Ils sont calices avant d'être œuvres d'art.     Parmi les reliquaires exceptionnels, il convient de consacrer du temps à celui des saints Eloi et Laurent, œuvre parisienne du XIIIe offerte à la collégiale en 1396 par un chanoine de Sainte-Waudru, Pierre Cramette (noter la statuette représentant sainte Waudru ajoutée en 1396). Le reliquaire de la Croix (1280-1290), transformé en ostensoir au XIVe, mérite que l'on s'attarde à ses décors. Deux statuettes du début du XVe évoquent saint Ghislain (la relique –et non le reliquaire- est déjà mentionnée en 1305) vêtu en évêque accompagné de l'aigle et de l'ourse de sa légende et saint Germain, patron du chapitre voisin de Sainte-Waudru et dont l'église collégiale était la paroisse mère de la Ville de Mons. Sans oublier le reliquaire du Saint-Sang (1323 ?) offert à la collégiale lors du chapitre de la Toison d'Or tenu en 1451.     Bien sûr présent au Trésor, Jacques Du Broeucq (+/-1505-1584), vraisemblablement le plus grand artiste de la Renaissance au Nord de la Loire (voir les éléments sauvés du jubé réinstallés dans la collégiale vers 1926). On peut découvrir sculptés dans l'albâtre vers 1545/1548, les statuettes d'Abraham, Melchisédech, un Christ en croix, Moïse, David et le remarquable groupe de l'Annonciation mettant en lumière le talent et le génie de l'artiste.     Quelques peintures aussi : un calvaire (ancienne porte de tabernacle ?) daté de 1535, une vision d'un ermite avec les chanoinesses de Mons et de Maubeuge intercédant auprès de leur patronne respective sainte Waudru et sa sœur sainte Aldegonde de 1658, une sainte Waudru faisant la charité de 1744, un Christ de piété peint par de Vos en 1600 (tableau volé en 1980, retrouvé en Italie en 1986 et restitué à la collégiale en 1998).     Et bien évidemment, en noyer, un superbe saint Jacques polychrome de 1380, restauré en 1990 par l'Institut Royal du Patrimoine Artistique avec l'aide de la Fondation Roi Baudouin. Sans oublier un remarquable libre d’heures de la fin du XVe ou du début du XVIe.     Et plusieurs dépôts exceptionnels…     - Le dépôt de la Confrérie de la Miséricorde (dite des ""Beubeux"") avec ses orfèvreries datant surtout du XVIIIe.     - Le dépôt des Ursulines (calices et ciboires).     - Le dépôt de l’UCLMons - Fucam qui permet la découverte d'œuvres ayant appartenu aux Sœurs Noires (peintures, pales, parchemins et statuette de Waudru du XVIe).     - Le dépôt de la Fabrique de l'église de Messines avec une croix processionnelle de 1589 (noter les deux gravures des quadrilobes avec sainte Waudru et ses filles, avec saint Georges terrassant un dragon) et l'étonnant bateau reliquaire de saint Julien, œuvre en argent de 1776 aux poinçons de Mons et de l'orfèvre P. Moitemont.     Et depuis 2003, une série impressionnante d'œuvres à caractère religieux issues des collections léguées à la Ville par le chanoine Edmond Puissant en vue d’être exposées au Trésor de la Collégiale. Citons entre autres, une statue de la Vierge, un ange du baptême du Christ, une statue de Notre-Dame de Bonsecours datée de +/- 1500, un saint Jacques polychrome du XVe, des calices, des pyxides, des ciboires, une croix de procession, des icônes aussi …     En 2019 et 2020, grâce à la générosité de quelques donateurs, le Trésor s’est enrichi de deux remarquables œuvres : un ostensoir du début du XIXe (1831-1839 / orfèvre Charles Defuisseaux) et une croix du XVIIIe (orfèvre Nicolas-Joseph de Behault).     Pour conclure…     Lieu de culte avant tout, la collégiale Sainte-Waudru abrite des œuvres qui doivent retenir l'attention : les reliquaires de la sainte (la châsse de 1887 et le chef de 1867 – N°2 et N°3 du Trésor). Le Car d'Or de 1780-1781 (N°1 du Trésor). Les merveilleuses sculptures en albâtre (1535-1572) de Jacques Du Broeucq. Les hautes verrières du chœur (14 sont du XVIe – les cinq plus anciennes sont de 1510/1511). Le retable gothique dédié à la Vierge (XVIe). Une statue de saint Michel terrassant le démon (vers 1480). Et tant d'autres œuvres qui se découvrent dans l'église qui était la paroisse personnelle des chanoinesses et qui est aujourd'hui le siège d'une paroisse depuis le 16 octobre 1803…     Bref, quand la visite du Trésor prolonge celle de la collégiale gothique (1450-1621), c'est une large part du passé historique et artistique montois que l'on découvre. Regard historique, regard artistique, mais n'oublions jamais que Sainte-Waudru, église, lieu de culte, est un signe de la Foi apportée à Mons par Waudru, il y a bientôt quatorze siècles… Des visites guidées du Trésor sont disponibles via visitMons.  Renseignements: groupes@ville.mons.be"
